setup,point,kind,reading,distance,line
BM1-BM2-S0,BM1,BS,2.7495,30.00,BM1-BM2
BM1-BM2-S0,BM1-BM2-T0,FS,1.5000,30.00,BM1-BM2
BM1-BM2-S1,BM1-BM2-T0,BS,2.7498,30.00,BM1-BM2
BM1-BM2-S1,BM1-BM2-T1,FS,1.5000,30.00,BM1-BM2
BM1-BM2-S2,BM1-BM2-T1,BS,2.7499,30.00,BM1-BM2
BM1-BM2-S2,BM2,FS,1.5004,30.00,BM1-BM2
BM2-BM4-S0,BM2,BS,2.0456,50.00,BM2-BM4
BM2-BM4-S0,BM2-BM4-T0,FS,1.5000,50.00,BM2-BM4
BM2-BM4-S1,BM2-BM4-T0,BS,2.0460,50.00,BM2-BM4
BM2-BM4-S1,BM2-BM4-T1,FS,1.5006,50.00,BM2-BM4
BM2-BM4-S2,BM2-BM4-T1,BS,2.0456,50.00,BM2-BM4
BM2-BM4-S2,BM2-BM4-T2,FS,1.5002,50.00,BM2-BM4
BM2-BM4-S3,BM2-BM4-T2,BS,2.0458,50.00,BM2-BM4
BM2-BM4-S3,BM2-BM4-T3,FS,1.5003,50.00,BM2-BM4
BM2-BM4-S4,BM2-BM4-T3,BS,2.0460,50.00,BM2-BM4
BM2-BM4-S4,BM4,FS,1.5120,50.00,BM2-BM4
BM4-BM1-S0,BM4,BS,1.4998,20.00,BM4-BM1
BM4-BM1-S0,BM4-BM1-T0,FS,4.7398,20.00,BM4-BM1
BM4-BM1-S1,BM4-BM1-T0,BS,1.4998,20.00,BM4-BM1
BM4-BM1-S1,BM1,FS,4.7402,20.00,BM4-BM1
